[
{
    "pk": 1, 
    "model": "auth.permission", 
    "fields": {
        "name": "Can add log entry", 
        "content_type": 1, 
        "codename": "add_logentry"
    }
},
{
    "pk": 2, 
    "model": "auth.permission", 
    "fields": {
        "name": "Can change log entry", 
        "content_type": 1, 
        "codename": "change_logentry"
    }
},
{
    "pk": 3, 
    "model": "auth.permission", 
    "fields": {
        "name": "Can delete log entry", 
        "content_type": 1, 
        "codename": "delete_logentry"
    }
},
{
    "pk": 4, 
    "model": "auth.permission", 
    "fields": {
        "name": "Can add permission", 
        "content_type": 2, 
        "codename": "add_permission"
    }
},
{
    "pk": 5, 
    "model": "auth.permission", 
    "fields": {
        "name": "Can change permission", 
        "content_type": 2, 
        "codename": "change_permission"
    }
},
{
    "pk": 6, 
    "model": "auth.permission", 
    "fields": {
        "name": "Can delete permission", 
        "content_type": 2, 
        "codename": "delete_permission"
    }
},
{
    "pk": 7, 
    "model": "auth.permission", 
    "fields": {
        "name": "Can add group", 
        "content_type": 3, 
        "codename": "add_group"
    }
},
{
    "pk": 8, 
    "model": "auth.permission", 
    "fields": {
        "name": "Can change group", 
        "content_type": 3, 
        "codename": "change_group"
    }
},
{
    "pk": 9, 
    "model": "auth.permission", 
    "fields": {
        "name": "Can delete group", 
        "content_type": 3, 
        "codename": "delete_group"
    }
},
{
    "pk": 10, 
    "model": "auth.permission", 
    "fields": {
        "name": "Can add user", 
        "content_type": 4, 
        "codename": "add_user"
    }
},
{
    "pk": 11, 
    "model": "auth.permission", 
    "fields": {
        "name": "Can change user", 
        "content_type": 4, 
        "codename": "change_user"
    }
},
{
    "pk": 12, 
    "model": "auth.permission", 
    "fields": {
        "name": "Can delete user", 
        "content_type": 4, 
        "codename": "delete_user"
    }
},
{
    "pk": 13, 
    "model": "auth.permission", 
    "fields": {
        "name": "Can add content type", 
        "content_type": 5, 
        "codename": "add_contenttype"
    }
},
{
    "pk": 14, 
    "model": "auth.permission", 
    "fields": {
        "name": "Can change content type", 
        "content_type": 5, 
        "codename": "change_contenttype"
    }
},
{
    "pk": 15, 
    "model": "auth.permission", 
    "fields": {
        "name": "Can delete content type", 
        "content_type": 5, 
        "codename": "delete_contenttype"
    }
},
{
    "pk": 16, 
    "model": "auth.permission", 
    "fields": {
        "name": "Can add session", 
        "content_type": 6, 
        "codename": "add_session"
    }
},
{
    "pk": 17, 
    "model": "auth.permission", 
    "fields": {
        "name": "Can change session", 
        "content_type": 6, 
        "codename": "change_session"
    }
},
{
    "pk": 18, 
    "model": "auth.permission", 
    "fields": {
        "name": "Can delete session", 
        "content_type": 6, 
        "codename": "delete_session"
    }
},
{
    "pk": 19, 
    "model": "auth.permission", 
    "fields": {
        "name": "Can add game", 
        "content_type": 7, 
        "codename": "add_game"
    }
},
{
    "pk": 20, 
    "model": "auth.permission", 
    "fields": {
        "name": "Can change game", 
        "content_type": 7, 
        "codename": "change_game"
    }
},
{
    "pk": 21, 
    "model": "auth.permission", 
    "fields": {
        "name": "Can delete game", 
        "content_type": 7, 
        "codename": "delete_game"
    }
},
{
    "pk": 22, 
    "model": "auth.permission", 
    "fields": {
        "name": "Can add move", 
        "content_type": 8, 
        "codename": "add_move"
    }
},
{
    "pk": 23, 
    "model": "auth.permission", 
    "fields": {
        "name": "Can change move", 
        "content_type": 8, 
        "codename": "change_move"
    }
},
{
    "pk": 24, 
    "model": "auth.permission", 
    "fields": {
        "name": "Can delete move", 
        "content_type": 8, 
        "codename": "delete_move"
    }
},
{
    "pk": 1, 
    "model": "auth.user", 
    "fields": {
        "last_login": "2013-12-19T11:56:51.617Z", 
        "user_permissions": [], 
        "is_superuser": true, 
        "password": "pbkdf2_sha256$12000$Meo3rd7wnk6u$/+ayHD6hk5DBYtF+P0nmuv7CyN1c9oCtVsBjPGgBDfE=", 
        "is_active": true, 
        "email": "", 
        "groups": [], 
        "date_joined": "2013-12-16T15:31:11.593Z", 
        "last_name": "", 
        "first_name": "", 
        "is_staff": true, 
        "username": "reindert"
    }
},
{
    "pk": 2, 
    "model": "auth.user", 
    "fields": {
        "last_login": "2013-12-16T16:09:57.419Z", 
        "user_permissions": [], 
        "is_superuser": false, 
        "password": "pbkdf2_sha256$12000$BRSpQG0FtRxF$E4Ge4jzZO9nSADUMNG85MrXaGgbmQqGVZT/0uEUxk/I=", 
        "is_active": true, 
        "email": "", 
        "groups": [], 
        "date_joined": "2013-12-16T16:09:57.419Z", 
        "last_name": "", 
        "first_name": "", 
        "is_staff": false, 
        "username": "alice"
    }
},
{
    "pk": 3, 
    "model": "auth.user", 
    "fields": {
        "last_login": "2013-12-16T16:10:17.715Z", 
        "user_permissions": [], 
        "is_superuser": false, 
        "password": "pbkdf2_sha256$12000$vuWCL68nN4e5$9j2vFbj8d38VFoxqqZBo0H3YpI+r2WipTUd4kYHG3wA=", 
        "is_active": true, 
        "email": "", 
        "groups": [], 
        "date_joined": "2013-12-16T16:10:17.715Z", 
        "last_name": "", 
        "first_name": "", 
        "is_staff": false, 
        "username": "bob"
    }
}
]
