[
{
    "pk": 1, 
    "fields": {
        "status": "S", 
        "next_to_move": 2, 
        "start_time": "2013-12-16T16:17:08.024Z", 
        "last_active": "2014-01-03T10:51:30.032Z", 
        "second_player": 2, 
        "first_player": 1
    }, 
    "model": "tictactoe.game"
},
{
    "pk": 2, 
    "fields": {
        "status": "A", 
        "next_to_move": 3, 
        "start_time": "2013-12-16T16:17:11.779Z", 
        "last_active": "2013-12-16T16:17:11.780Z", 
        "second_player": 2, 
        "first_player": 3
    }, 
    "model": "tictactoe.game"
},
{
    "pk": 3, 
    "fields": {
        "status": "A", 
        "next_to_move": 3, 
        "start_time": "2013-12-16T16:17:17.252Z", 
        "last_active": "2013-12-16T16:17:17.252Z", 
        "second_player": 1, 
        "first_player": 3
    }, 
    "model": "tictactoe.game"
},
{
    "pk": 4, 
    "fields": {
        "status": "A", 
        "next_to_move": 3, 
        "start_time": "2013-12-19T11:57:03.382Z", 
        "last_active": "2013-12-19T11:57:03.382Z", 
        "second_player": 3, 
        "first_player": 3
    }, 
    "model": "tictactoe.game"
},
{
    "pk": 5, 
    "fields": {
        "status": "D", 
        "next_to_move": 2, 
        "start_time": "2014-01-03T10:56:29.174Z", 
        "last_active": "2014-01-03T10:59:45.186Z", 
        "second_player": 2, 
        "first_player": 1
    }, 
    "model": "tictactoe.game"
},
{
    "pk": 6, 
    "fields": {
        "status": "A", 
        "next_to_move": 1, 
        "start_time": "2014-01-03T12:38:50.545Z", 
        "last_active": "2014-01-03T12:38:50.545Z", 
        "second_player": 1, 
        "first_player": 1
    }, 
    "model": "tictactoe.game"
},
{
    "pk": 1, 
    "fields": {
        "x": 1, 
        "y": 1, 
        "game": 1, 
        "comment": ""
    }, 
    "model": "tictactoe.move"
},
{
    "pk": 2, 
    "fields": {
        "x": 0, 
        "y": 1, 
        "game": 1, 
        "comment": ""
    }, 
    "model": "tictactoe.move"
},
{
    "pk": 3, 
    "fields": {
        "x": 2, 
        "y": 1, 
        "game": 1, 
        "comment": ""
    }, 
    "model": "tictactoe.move"
},
{
    "pk": 4, 
    "fields": {
        "x": 1, 
        "y": 1, 
        "game": 5, 
        "comment": ""
    }, 
    "model": "tictactoe.move"
},
{
    "pk": 5, 
    "fields": {
        "x": 2, 
        "y": 1, 
        "game": 5, 
        "comment": ""
    }, 
    "model": "tictactoe.move"
},
{
    "pk": 6, 
    "fields": {
        "x": 0, 
        "y": 1, 
        "game": 5, 
        "comment": ""
	},
    "model": "tictactoe.move"
},
{
    "pk": 7, 
    "fields": {
        "x": 0, 
        "y": 0, 
        "game": 5, 
        "comment": ""
    }, 
    "model": "tictactoe.move"
},
{
    "pk": 8, 
    "fields": {
        "x": 1, 
        "y": 0, 
        "game": 5, 
        "comment": ""
    }, 
    "model": "tictactoe.move"
},
{
    "pk": 9, 
    "fields": {
        "x": 2, 
        "y": 0, 
        "game": 5, 
        "comment": ""
    }, 
    "model": "tictactoe.move"
},
{
    "pk": 10, 
    "fields": {
        "x": 0, 
        "y": 2, 
        "game": 5, 
        "comment": ""
    }, 
    "model": "tictactoe.move"
},
{
    "pk": 11, 
    "fields": {
        "x": 1, 
        "y": 2, 
        "game": 5, 
        "comment": ""
    }, 
    "model": "tictactoe.move"
},
{
    "pk": 12, 
    "fields": {
        "x": 2, 
        "y": 2, 
        "game": 5, 
        "comment": ""
    }, 
    "model": "tictactoe.move"
}
]
